<?xml version="1.0" encoding="UTF-8"?>
<project-private xmlns="http://www.netbeans.org/ns/project-private/1">
    <editor-bookmarks xmlns="http://www.netbeans.org/ns/editor-bookmarks/2" lastBookmarkId="0"/>
    <open-files xmlns="http://www.netbeans.org/ns/projectui-open-files/2">
        <group>
            <file>file:/D:/DS/Mini_TCC_2811/src/mini_tcc/PromocaoDAO.java</file>
            <file>file:/D:/DS/Mini_TCC_2811/src/mini_tcc/Adm2DAO.java</file>
            <file>file:/D:/DS/Mini_TCC_2811/src/mini_tcc/PromocaoView.java</file>
            <file>file:/D:/DS/Mini_TCC_2811/src/mini_tcc/PromocaoDTO.java</file>
        </group>
    </open-files>
</project-private>
